DATE,Open,High,Low,Close,Volume,Adj_Close
1/2/2014,37.349998,37.400002,37.099998,37.16,30632200,33.365383
1/3/2014,37.200001,37.220001,36.599998,36.91,31134800,33.140915
1/6/2014,36.849998,36.889999,36.110001,36.130001,43603700,32.440559
1/7/2014,36.330002,36.490002,36.209999,36.41,35802800,32.691963
1/8/2014,36,36.139999,35.580002,35.759998,59971700,32.10833
1/9/2014,35.880001,35.91,35.400002,35.529999,36516300,31.901831
1/10/2014,35.900002,36.150002,35.75,36.040001,40548800,32.359753
1/13/2014,35.990002,36.02,34.830002,34.98,45901900,31.407995
1/14/2014,34.73,35.880001,34.630001,35.779999,41623300,32.126297
1/15/2014,35.900002,36.790001,35.849998,36.759998,44812600,33.006222
1/16/2014,36.689999,37,36.310001,36.889999,38018700,33.122955
1/17/2014,36.830002,36.830002,36.150002,36.380001,46267500,32.665031
1/21/2014,36.82,36.82,36.060001,36.169998,31567300,32.476471
1/22/2014,36.259998,36.32,35.75,35.93,21904300,32.260983
1/23/2014,36.09,36.130001,35.52,36.060001,43954000,32.377716
1/24/2014,37.450001,37.549999,36.529999,36.810001,76395500,33.051125
1/27/2014,36.869999,36.889999,35.98,36.029999,44420800,32.350777
1/28/2014,36.119999,36.389999,35.75,36.27,36205500,32.566265
1/29/2014,35.98,36.880001,35.900002,36.66,52745900,32.916435
1/30/2014,36.790001,36.880001,36.23,36.860001,35036300,33.09602
1/31/2014,36.950001,37.889999,36.560001,37.84,93162300,33.975948
2/3/2014,37.740002,37.990002,36.43,36.48,64063100,32.754818
2/4/2014,36.970001,37.189999,36.25,36.349998,54697900,32.638092
2/5/2014,36.290001,36.470001,35.799999,35.82,55814400,32.162212
2/6/2014,35.799999,36.25,35.689999,36.18,35351800,32.485458
2/7/2014,36.32,36.59,36.009998,36.560001,33260500,32.826653
2/10/2014,36.630001,36.799999,36.290001,36.799999,26767000,33.042141
2/11/2014,36.880001,37.259998,36.860001,37.169998,32141400,33.374359
2/12/2014,37.349998,37.599998,37.299999,37.470001,27051800,33.64373
2/13/2014,37.330002,37.860001,37.330002,37.610001,37635500,33.769428
2/14/2014,37.389999,37.779999,37.330002,37.619999,31407500,33.778404
2/18/2014,37.630001,37.779999,37.41,37.419998,32834000,33.850773
2/19/2014,37.220001,37.75,37.209999,37.509998,29750400,33.932194
2/20/2014,37.57,37.869999,37.400002,37.75,27526100,34.1493
2/21/2014,37.939999,38.349998,37.860001,37.98,38021300,34.357365
2/24/2014,37.689999,37.98,37.540001,37.689999,32085100,34.095028
2/25/2014,37.610001,37.849998,37.349998,37.540001,30736500,33.959335
2/26/2014,37.580002,37.740002,37.189999,37.470001,41041800,33.896008
2/27/2014,37.450001,37.889999,37.23,37.860001,33903400,34.24881
2/28/2014,37.98,38.459999,37.82,38.310001,41215000,34.655888
3/3/2014,37.919998,38.130001,37.490002,37.779999,29717500,34.176441
3/4/2014,38.200001,38.48,38.07,38.41,26802400,34.746342
3/5/2014,38.25,38.27,37.93,38.110001,20520100,34.474964
3/6/2014,38.139999,38.240002,37.889999,38.150002,23582200,34.51115
3/7/2014,38.279999,38.360001,37.689999,37.900002,26591600,34.284988
3/10/2014,37.990002,38.009998,37.720001,37.82,19006600,34.212627
3/11/2014,37.869999,38.23,37.720001,38.02,25216400,34.393543
3/12/2014,37.799999,38.43,37.790001,38.27,30494100,34.619705
3/13/2014,38.419998,38.450001,37.639999,37.889999,32169700,34.27594
3/14/2014,37.650002,38.139999,37.509998,37.700001,27195600,34.104069
3/17/2014,37.900002,38.41,37.790001,38.049999,20479600,34.420681
3/18/2014,38.259998,39.900002,38.220001,39.549999,64063900,35.777611
3/19/2014,39.470001,39.549999,38.91,39.27,35597200,35.524319
3/20/2014,39.25,40.650002,39.240002,40.330002,59269800,36.483215
3/21/2014,40.720001,40.939999,40.009998,40.16,80721800,36.32943
3/24/2014,40.34,40.639999,39.860001,40.5,46098400,36.636993
3/25/2014,40.66,40.990002,39.959999,40.34,43193100,36.492264
3/26/2014,40.48,40.709999,39.599998,39.790001,41977500,35.994724
3/27/2014,39.740002,39.970001,39.34,39.360001,35369200,35.605736
3/28/2014,39.790001,40.639999,39.68,40.299999,43472700,36.45607
3/31/2014,40.43,41.5,40.400002,40.990002,46886300,37.080265
4/1/2014,41.150002,41.59,41.07,41.419998,32605000,37.469242
4/2/2014,41.439999,41.66,41.169998,41.349998,28666700,37.405914
4/3/2014,41.290001,41.290001,40.709999,41.009998,30139600,37.098358
4/4/2014,41.25,41.389999,39.639999,39.869999,51409600,36.067085
4/7/2014,39.959999,40.27,39.740002,39.799999,37559600,36.003769
4/8/2014,39.75,39.93,39.200001,39.82,35918600,36.021854
4/9/2014,39.93,40.549999,39.880001,40.470001,27398700,36.609856
4/10/2014,40.439999,40.689999,39.09,39.360001,45960800,35.605736
4/11/2014,39,39.790001,39,39.209999,34330200,35.470043
4/14/2014,39.110001,39.41,38.900002,39.18,32006600,35.442902
4/15/2014,39.34,39.959999,39.049999,39.75,33968700,35.958534
4/16/2014,40.060001,40.419998,39.91,40.400002,30615800,36.546539
4/17/2014,40.009998,40.200001,39.509998,40.009998,36688400,36.193737
4/21/2014,40.130001,40.150002,39.790001,39.939999,22221200,36.130409
4/22/2014,39.959999,40.139999,39.830002,39.990002,27056700,36.17564
4/23/2014,39.990002,39.990002,39.470001,39.689999,24602800,35.904255
4/24/2014,39.740002,39.970001,39.299999,39.860001,42381600,36.058041
4/25/2014,40.290001,40.68,39.75,39.91,56876800,36.103275
4/28/2014,40.139999,41.290001,40.09,40.869999,50610200,36.97171
4/29/2014,41.099998,41.189999,40.389999,40.509998,29636200,36.646046
4/30/2014,40.400002,40.5,40.169998,40.400002,35458700,36.546539
5/1/2014,40.240002,40.360001,39.950001,40,28787400,36.184685
5/2/2014,40.310001,40.34,39.66,39.689999,43416600,35.904255
5/5/2014,39.52,39.639999,39.299999,39.43,22460900,35.66906
5/6/2014,39.290001,39.349998,38.950001,39.060001,27112400,35.334354
5/7/2014,39.220001,39.509998,38.509998,39.419998,41744500,35.660007
5/8/2014,39.34,39.900002,38.970001,39.639999,32120400,35.859028
5/9/2014,39.540001,39.849998,39.369999,39.540001,29647600,35.768562
5/12/2014,39.740002,40.02,39.650002,39.970001,22782600,36.157547
5/13/2014,39.919998,40.5,39.849998,40.419998,27004800,36.822578
5/14/2014,40.299999,40.450001,40.049999,40.240002,18818700,36.658604
5/15/2014,40.09,40.400002,39.509998,39.599998,37793200,36.075562
5/16/2014,39.669998,39.84,39.27,39.830002,29867100,36.285091
5/19/2014,39.610001,39.82,39.459999,39.75,24537400,36.212215
5/20/2014,39.68,39.939999,39.459999,39.68,21320900,36.148434
5/21/2014,39.799999,40.349998,39.740002,40.349998,22398700,36.758812
5/22/2014,40.290001,40.349998,39.849998,40.099998,20201800,36.531055
5/23/2014,40.369999,40.369999,40,40.119999,18020000,36.549278
5/27/2014,40.259998,40.259998,39.810001,40.189999,26160600,36.613049
5/28/2014,40.139999,40.189999,39.82,40.009998,25711500,36.449074
5/29/2014,40.150002,40.349998,39.91,40.34,19888200,36.749706
5/30/2014,40.450001,40.970001,40.25,40.939999,34567600,37.296295
6/2/2014,40.950001,41.09,40.68,40.790001,18504300,37.159653
6/3/2014,40.599998,40.68,40.25,40.290001,18068900,36.704151
6/4/2014,40.209999,40.369999,39.860001,40.32,23209000,36.731476
6/5/2014,40.59,41.25,40.400002,41.209999,31865200,37.542271
6/6/2014,41.48,41.66,41.240002,41.48,24060500,37.788235
6/9/2014,41.389999,41.48,41.02,41.27,15019200,37.596935
6/10/2014,41.029999,41.16,40.860001,41.110001,15117700,37.451172
6/11/2014,40.93,41.07,40.77,40.860001,18040000,37.223423
6/12/2014,40.810001,40.880001,40.290001,40.580002,29818900,36.968342
6/13/2014,41.099998,41.57,40.860001,41.23,26310000,37.560486
6/16/2014,41.040001,41.610001,41.040001,41.5,24205300,37.806458
6/17/2014,41.290001,41.91,40.34,41.68,22518600,37.97044
6/18/2014,41.610001,41.740002,41.18,41.650002,27097000,37.943111
6/19/2014,41.57,41.77,41.330002,41.509998,19828200,37.815559
6/20/2014,41.450001,41.830002,41.380001,41.68,47764900,37.97044
6/23/2014,41.73,42,41.689999,41.990002,18743900,38.25285
6/24/2014,41.830002,41.939999,41.560001,41.75,26509100,38.034206
6/25/2014,41.700001,42.049999,41.459999,42.029999,20049100,38.289288
6/26/2014,41.93,41.939999,41.43,41.720001,23604400,38.006878
6/27/2014,41.610001,42.290001,41.509998,42.25,74640000,38.489712
6/30/2014,42.169998,42.209999,41.700001,41.700001,30793100,37.988659
7/1/2014,41.860001,42.150002,41.689999,41.869999,26917000,38.143532
7/2/2014,41.73,41.900002,41.529999,41.900002,20208100,38.170864
7/3/2014,41.91,41.990002,41.560001,41.799999,15969300,38.079758
7/7/2014,41.75,42.119999,41.709999,41.990002,21952400,38.25285
7/8/2014,41.869999,42,41.610001,41.779999,31218200,38.061539
7/9/2014,41.98,41.990002,41.529999,41.669998,18445900,37.961334
7/10/2014,41.369999,42,41.049999,41.689999,21854700,37.979542
7/11/2014,41.700001,42.09,41.48,42.09,24083000,38.343945
7/14/2014,42.220001,42.450001,42.040001,42.139999,21881100,38.389492
7/15/2014,42.330002,42.470001,42.029999,42.450001,28748700,38.671913
7/16/2014,42.509998,44.310001,42.48,44.080002,63318000,40.156837
7/17/2014,45.450001,45.709999,44.25,44.529999,82180300,40.566788
7/18/2014,44.650002,44.84,44.25,44.689999,43407500,40.712543
7/21/2014,44.560001,45.16,44.220001,44.84,37604400,40.849194
7/22/2014,45,45.150002,44.59,44.830002,43095800,40.840088
7/23/2014,45.450001,45.450001,44.619999,44.869999,52362900,40.87653
7/24/2014,44.93,45,44.32,44.400002,30725300,40.448357
7/25/2014,44.299999,44.66,44.299999,44.5,26737700,40.539455
7/28/2014,44.360001,44.509998,43.93,43.970001,29684200,40.056629
7/29/2014,43.91,44.09,43.639999,43.889999,27763100,39.983742
7/30/2014,44.07,44.099998,43.290001,43.580002,31921400,39.701336
7/31/2014,43.380001,43.689999,43.080002,43.16,31537500,39.318714
8/1/2014,43.209999,43.25,42.599998,42.860001,31170300,39.045422
8/4/2014,42.970001,43.470001,42.810001,43.369999,34277400,39.510025
8/5/2014,43.310001,43.459999,42.830002,43.080002,26266400,39.245842
8/6/2014,42.740002,43.169998,42.209999,42.740002,24634000,38.936096
8/7/2014,42.84,43.450001,42.650002,43.23,30314900,39.382492
8/8/2014,43.23,43.32,42.91,43.200001,28942700,39.355167
8/11/2014,43.259998,43.450001,43.02,43.200001,20351600,39.355167
8/12/2014,43.040001,43.59,43,43.52,21431100,39.646675
8/13/2014,43.68,44.18,43.52,44.080002,22889500,40.156837
8/14/2014,44.080002,44.419998,44.009998,44.27,19313200,40.329929
8/15/2014,44.580002,44.900002,44.400002,44.790001,41611300,40.803642
8/18/2014,44.939999,45.110001,44.68,45.110001,26891100,41.095169
8/19/2014,44.970001,45.34,44.830002,45.330002,28139500,41.553505
8/20/2014,45.34,45.400002,44.900002,44.950001,24770500,41.205166
8/21/2014,44.84,45.25,44.830002,45.220001,22285500,41.452679
8/22/2014,45.349998,45.470001,45.07,45.150002,18294500,41.388504
8/25/2014,45.400002,45.439999,45.040001,45.169998,16910000,41.406837
8/26/2014,45.310001,45.400002,44.939999,45.009998,14873100,41.260166
8/27/2014,44.900002,45,44.759998,44.869999,21287900,41.131832
8/28/2014,44.75,44.98,44.610001,44.880001,17657600,41.140995
8/29/2014,45.09,45.439999,44.860001,45.43,21607600,41.645184
9/2/2014,45.43,45.459999,44.849998,45.09,22976800,41.333492
9/3/2014,44.529999,45.110001,44.529999,44.959999,33684500,41.214336
9/4/2014,44.740002,45.27,44.720001,45.259998,26475500,41.489342
9/5/2014,45.110001,45.93,45.110001,45.91,36939400,42.085194
9/8/2014,46.02,46.799999,45.990002,46.470001,45736700,42.598541
9/9/2014,46.470001,46.970001,46.419998,46.759998,40302400,42.864372
9/10/2014,46.82,46.939999,46.279999,46.84,27302400,42.93771
9/11/2014,46.740002,47,46.470001,47,29216400,43.084373
9/12/2014,46.91,47.02,46.599998,46.700001,38244700,42.80938
9/15/2014,46.540001,46.709999,46.099998,46.240002,37667600,42.387699
9/16/2014,46.389999,46.849998,46.290001,46.759998,27910600,42.864372
9/17/2014,46.259998,46.689999,46.23,46.52,38311900,42.644367
9/18/2014,46.59,46.830002,46.459999,46.68,35556600,42.791042
9/19/2014,46.810001,47.57,46.599998,47.52,202522400,43.561058
9/22/2014,47.299999,47.380001,46.98,47.060001,38686100,43.139389
9/23/2014,46.849998,46.98,46.470001,46.560001,33430300,42.681042
9/24/2014,46.630001,47.110001,46.34,47.080002,26582700,43.157719
9/25/2014,46.880001,47.09,46.029999,46.040001,33077400,42.204357
9/26/2014,45.93,46.619999,45.759998,46.41,27078800,42.543537
9/29/2014,45.98,46.560001,45.759998,46.439999,26091000,42.571033
9/30/2014,46.369999,46.48,46.009998,46.360001,33033100,42.497692
10/1/2014,46.27,46.529999,45.849998,45.900002,38088400,42.076031
10/2/2014,45.830002,46.099998,45.639999,45.759998,25119400,41.947681
10/3/2014,45.98,46.299999,45.610001,46.09,32453200,42.250195
10/6/2014,46.119999,46.299999,45.919998,46.09,20604000,42.250195
10/7/2014,45.860001,45.93,45.419998,45.529999,25723700,41.736858
10/8/2014,45.48,46.889999,45.34,46.779999,33031000,42.882713
10/9/2014,46.5,46.799999,45.740002,45.849998,34422800,42.030186
10/10/2014,45.599998,46.119999,43.950001,44.029999,51978100,40.361813
10/13/2014,43.82,44.560001,43.490002,43.650002,37100200,40.013477
10/14/2014,43.869999,44.380001,43.560001,43.73,38115700,40.086815
10/15/2014,43,43.389999,42.099998,43.220001,60218700,39.619301
10/16/2014,42.529999,43.080002,42.220001,42.740002,49040400,39.179287
10/17/2014,43.200001,43.939999,42.790001,43.630001,40683300,39.995144
10/20/2014,43.060001,44.139999,42.810001,44.080002,34527900,40.407642
10/21/2014,44.360001,44.98,44.189999,44.880001,36433800,41.140995
10/22/2014,45,45.07,44.23,44.380001,33570900,40.682655
10/23/2014,44.619999,45.450001,44.529999,45.02,45451900,41.269337
10/24/2014,46.830002,46.900002,45.18,46.130001,61076700,42.286858
10/27/2014,45.709999,46.099998,45.709999,45.91,30371300,42.085194
10/28/2014,45.860001,46.5,45.77,46.490002,29049800,42.616867
10/29/2014,46.439999,46.700001,46.34,46.619999,30276100,42.736034
10/30/2014,46.32,46.32,45.77,46.049999,30073900,42.21352
10/31/2014,46.939999,46.970001,46.48,46.950001,35849700,43.038551
11/3/2014,46.889999,47.459999,46.73,47.439999,23130400,43.487724
11/4/2014,47.299999,47.73,47.25,47.57,21530800,43.606892
11/5/2014,47.799999,47.900002,47.259998,47.860001,22449600,43.872734
11/6/2014,47.860001,48.860001,47.790001,48.700001,33037800,44.642754
11/7/2014,48.919998,48.919998,48.290001,48.68,28000600,44.62442
11/10/2014,48.650002,49.150002,48.549999,48.889999,36370100,44.816925
11/11/2014,48.849998,48.950001,48.650002,48.869999,23445200,44.798584
11/12/2014,48.560001,48.919998,48.52,48.779999,22722100,44.716087
11/13/2014,48.810001,49.650002,48.709999,49.610001,26210400,45.476936
11/14/2014,49.740002,50.049999,49.389999,49.580002,29081700,45.44944
11/17/2014,49.41,49.709999,49.139999,49.459999,30318600,45.339439
11/18/2014,49.130001,49.330002,48.700001,48.740002,23995500,44.961224
11/19/2014,48.66,48.75,47.93,48.220001,26177500,44.481537
11/20/2014,48,48.700001,47.869999,48.700001,21510600,44.924332
11/21/2014,49.02,49.049999,47.57,47.98,42884800,44.260143
11/24/2014,47.990002,48,47.389999,47.59,35434200,43.900375
11/25/2014,47.66,47.970001,47.450001,47.470001,28008000,43.789677
11/26/2014,47.490002,47.990002,47.279999,47.75,27163600,44.047977
11/28/2014,47.950001,48.200001,47.610001,47.810001,21534400,44.103325
12/1/2014,47.880001,48.779999,47.709999,48.619999,31191600,44.850521
12/2/2014,48.84,49.049999,48.200001,48.459999,25773500,44.702927
12/3/2014,48.439999,48.5,47.810001,48.080002,23534800,44.352394
12/4/2014,48.389999,49.060001,48.200001,48.84,30320400,45.053467
12/5/2014,48.82,48.970001,48.380001,48.419998,27313400,44.666031
12/8/2014,48.259998,48.349998,47.450001,47.700001,26663100,44.001858
12/9/2014,47.110001,47.919998,47.049999,47.59,24330500,43.900375
12/10/2014,47.580002,47.66,46.700001,46.900002,30431800,43.263874
12/11/2014,47.080002,47.740002,46.68,47.169998,29060400,43.512943
12/12/2014,46.779999,47.73,46.669998,46.950001,34248400,43.30999
12/15/2014,47.200001,47.669998,46.549999,46.669998,29247800,43.051701
12/16/2014,45.900002,46.34,45.130001,45.16,47801400,41.658783
12/17/2014,45.049999,45.950001,44.900002,45.740002,34970900,42.19381
12/18/2014,46.580002,47.52,46.34,47.52,40105600,43.8358
12/19/2014,47.630001,48.099998,47.169998,47.66,64551200,43.964954
12/22/2014,47.779999,48.119999,47.709999,47.98,26566000,44.260143
12/23/2014,48.369999,48.799999,48.130001,48.450001,23648100,44.693714
12/24/2014,48.639999,48.639999,48.080002,48.139999,11437800,44.407738
12/26/2014,48.41,48.41,47.82,47.880001,13197800,44.1679
12/29/2014,47.700001,47.779999,47.259998,47.450001,14439500,43.771236
12/30/2014,47.439999,47.619999,46.84,47.02,16384700,43.374573
12/31/2014,46.73,47.439999,46.450001,46.450001,21552500,42.848763
1/2/2015,46.66,47.419998,46.540001,46.759998,27913900,43.134731
1/5/2015,46.369999,46.73,46.25,46.330002,39673900,42.738068
1/6/2015,46.380001,46.75,45.540001,45.650002,36447900,42.110783
1/7/2015,45.98,46.459999,45.490002,46.23,29114100,42.645817
1/8/2015,46.75,47.75,46.720001,47.59,29645200,43.900375
1/9/2015,47.610001,47.82,46.900002,47.189999,23942800,43.531395
1/12/2015,47.419998,47.540001,46.360001,46.599998,23651900,42.987129
1/13/2015,46.970001,47.91,46.060001,46.360001,35270600,42.765747
1/14/2015,45.959999,46.240002,45.619999,45.959999,29719600,42.396751
1/15/2015,46.220001,46.380001,45.41,45.48,32750800,41.95396
1/16/2015,45.310001,46.279999,45.169998,46.240002,35695300,42.655041
1/20/2015,46.299999,46.650002,45.57,46.389999,36041400,42.793415
1/21/2015,45.939999,46.139999,45.48,45.919998,39081100,42.359848
1/22/2015,46.380001,47.139999,46.080002,47.130001,35898000,43.476044
1/23/2015,47.360001,47.389999,46.799999,47.18,26047800,43.522167
1/26/2015,47,47.130001,46.240002,47.009998,42525500,43.365345
1/27/2015,42.950001,43.200001,42.110001,42.66,169164000,39.352604
1/28/2015,42.740002,42.790001,41.16,41.189999,84507100,37.996563
1/29/2015,40.93,42.119999,40.790001,42.009998,63585300,38.752987
1/30/2015,41.549999,41.580002,40.349998,40.400002,78004900,37.267815
2/2/2015,40.59,41.369999,40.23,41.279999,50352500,38.079586
2/3/2015,41.630001,41.93,41.049999,41.599998,51890200,38.374779
2/4/2015,41.939999,42.209999,41.360001,41.84,41614800,38.596184
2/5/2015,42.220001,42.639999,41.860001,42.450001,36548200,39.158878
2/6/2015,42.68,42.790001,42.150002,42.41,34311700,39.121983
2/9/2015,42.240002,42.740002,42.209999,42.360001,31381100,39.075859
2/10/2015,42.740002,42.77,42.18,42.599998,29670700,39.297249
2/11/2015,42.650002,42.650002,42.209999,42.380001,38262500,39.094307
2/12/2015,42.66,43.09,42.509998,43.09,33268800,39.749268
2/13/2015,43.380001,43.869999,43.150002,43.869999,40264900,40.468792
2/17/2015,43.970001,44,43.189999,43.580002,33695700,40.487366
2/18/2015,43.630001,43.700001,43.389999,43.529999,27074900,40.440918
2/19/2015,43.18,43.529999,43.049999,43.5,27603400,40.413048
2/20/2015,43.509998,43.880001,43.290001,43.860001,29721100,40.747498
2/23/2015,43.700001,44.189999,43.650002,44.150002,32518800,41.016922
2/24/2015,44.150002,44.299999,43.919998,44.09,25253000,40.961182
2/25/2015,43.950001,44.09,43.799999,43.990002,29759800,40.868279
2/26/2015,43.990002,44.23,43.889999,44.060001,28957300,40.933308
2/27/2015,44.130001,44.200001,43.66,43.849998,33807700,40.738205
3/2/2015,43.669998,44.189999,43.549999,43.880001,31924000,40.766083
3/3/2015,43.560001,43.830002,43.09,43.279999,31748600,40.20866
3/4/2015,43.009998,43.209999,42.880001,43.060001,25705800,40.004272
3/5/2015,43.07,43.240002,42.82,43.110001,23193500,40.050724
3/6/2015,43,43.110001,42.150002,42.360001,36248800,39.353951
3/9/2015,42.189999,43.130001,42.189999,42.849998,32108000,39.809166
3/10/2015,42.349998,42.709999,42.029999,42.029999,38506100,39.047363
3/11/2015,42.310001,42.369999,41.84,41.98,32215300,39.000904
3/12/2015,41.330002,41.650002,40.860001,41.02,59992500,38.109039
3/13/2015,40.700001,41.470001,40.610001,41.380001,58007700,38.443489
3/16/2015,41.470001,41.639999,41.279999,41.560001,35273500,38.610714
3/17/2015,41.369999,41.830002,41.150002,41.700001,31587200,38.740784
3/18/2015,41.43,42.830002,41.330002,42.5,43971800,39.484009
3/19/2015,42.259998,42.59,42.220001,42.290001,33879100,39.288918
3/20/2015,42.560001,42.98,42.490002,42.880001,71904500,39.837051
3/23/2015,42.880001,43.130001,42.779999,42.860001,26049000,39.818462
3/24/2015,42.779999,43.169998,42.75,42.900002,25513300,39.855629
3/25/2015,42.919998,42.93,41.439999,41.459999,43469900,38.517811
3/26/2015,41.220001,41.610001,40.919998,41.209999,37495600,38.285557
3/27/2015,41.119999,41.43,40.830002,40.970001,33820300,38.062588
3/30/2015,41.099998,41.540001,40.91,40.959999,35049700,38.053295
3/31/2015,40.779999,41.029999,40.540001,40.66,34887200,37.774593
4/1/2015,40.599998,40.759998,40.310001,40.720001,36752000,37.83033
4/2/2015,40.66,40.740002,40.119999,40.290001,37487500,37.43084
4/6/2015,40.34,41.779999,40.18,41.549999,39223700,38.601429
4/7/2015,41.610001,41.91,41.310001,41.529999,28809400,38.582848
4/8/2015,41.459999,41.689999,41.040001,41.419998,24753400,38.480652
4/9/2015,41.25,41.619999,41.25,41.48,25723900,38.536404
4/10/2015,41.630001,41.950001,41.41,41.720001,28022000,38.759365
4/13/2015,41.400002,42.060001,41.389999,41.759998,30276700,38.796524
4/14/2015,41.799999,42.029999,41.389999,41.650002,24078000,38.694324
4/15/2015,41.759998,42.459999,41.68,42.259998,27343600,39.261036
4/16/2015,41.950001,42.34,41.82,42.16,22509700,39.16814
4/17/2015,41.669998,41.740002,41.16,41.619999,42387600,38.666462
4/20/2015,41.73,43.169998,41.68,42.91,45738800,39.864918
4/21/2015,43,43.150002,42.529999,42.639999,26013800,39.614071
4/22/2015,42.669998,43.130001,42.549999,42.990002,25064300,39.939236
4/23/2015,42.889999,43.610001,42.799999,43.34,46309500,40.2644
4/24/2015,45.66,48.139999,45.650002,47.869999,130933700,44.472935
4/27/2015,47.23,48.130001,47.220001,48.029999,59248200,44.621574
4/28/2015,47.779999,49.209999,47.700001,49.16,60730800,45.671391
4/29/2015,48.720001,49.310001,48.5,49.060001,47804600,45.578487
4/30/2015,48.700001,49.540001,48.599998,48.639999,64725500,45.188286
5/1/2015,48.580002,48.880001,48.400002,48.66,38937300,45.206875
5/4/2015,48.369999,48.869999,48.18,48.240002,34039500,44.816669
5/5/2015,47.82,48.16,47.310001,47.599998,50369200,44.222088
5/6/2015,47.57,47.77,46.02,46.279999,52433000,42.995766
5/7/2015,46.27,47.09,46.16,46.700001,32971700,43.385963
5/8/2015,47.549999,47.98,47.52,47.75,35364900,44.361446
5/11/2015,47.549999,47.91,47.369999,47.369999,24609400,44.008411
5/12/2015,46.849998,47.68,46.419998,47.349998,29928300,43.989826
5/13/2015,48.189999,48.32,47.57,47.630001,34184600,44.249966
5/14/2015,48.029999,48.82,48.029999,48.720001,32980900,45.262611
5/15/2015,48.869999,48.91,48.049999,48.299999,28642700,44.872414
5/18/2015,47.98,48.220001,47.610001,48.009998,23631000,44.602993
5/19/2015,47.560001,47.810001,47.18,47.580002,28574800,44.490788
5/20/2015,47.389999,47.93,47.27,47.580002,25047900,44.490788
5/21/2015,47.279999,47.599998,47.009998,47.419998,22410700,44.341179
5/22/2015,47.299999,47.349998,46.82,46.900002,25720600,43.854939
5/26/2015,46.830002,46.880001,46.189999,46.59,29581900,43.565056
5/27/2015,46.82,47.77,46.619999,47.610001,27335600,44.518841
5/28/2015,47.5,48.02,47.389999,47.450001,19283700,44.369232
5/29/2015,47.43,47.57,46.59,46.860001,35428100,43.817532
6/1/2015,47.060001,47.77,46.619999,47.23,28837300,44.163509
6/2/2015,46.93,47.349998,46.619999,46.919998,21283400,43.873638
6/3/2015,47.369999,47.740002,46.82,46.849998,28002200,43.808182
6/4/2015,46.790001,47.16,46.200001,46.360001,27745500,43.349995
6/5/2015,46.310001,46.52,45.84,46.139999,25438100,43.144287
6/8/2015,46.299999,46.43,45.669998,45.73,21822300,42.760902
6/9/2015,45.759998,45.939999,45.459999,45.650002,24406100,42.6861
6/10/2015,45.790001,46.830002,45.689999,46.610001,28417400,43.583767
6/11/2015,46.66,46.919998,46.130001,46.439999,27347800,43.424801
6/12/2015,46.220001,46.470001,45.900002,45.970001,23931000,42.985321
6/15/2015,45.450001,45.650002,45.02,45.48,33254500,42.527134
6/16/2015,45.349998,46.240002,45.299999,45.830002,27070300,42.854404
6/17/2015,45.73,46.07,45.360001,45.970001,28704100,42.985321
6/18/2015,46.220001,46.799999,46.169998,46.720001,32658300,43.68663
6/19/2015,46.790001,46.830002,45.990002,46.099998,63837000,43.10688
6/22/2015,46.330002,46.720001,46.16,46.23,20318100,43.228439
6/23/2015,46.130001,46.279999,45.619999,45.91,25896500,42.929214
6/24/2015,45.669998,46.25,45.549999,45.639999,34890900,42.676743
6/25/2015,46.029999,46.060001,45.5,45.650002,20616000,42.6861
6/26/2015,45.650002,46.279999,45.029999,45.259998,49835300,42.321407
6/29/2015,45.040001,45.23,44.360001,44.369999,34081700,41.489201
6/30/2015,44.709999,44.720001,43.939999,44.150002,35945400,41.283489
7/1/2015,44.459999,45.23,44.099998,44.450001,28343900,41.564007
7/2/2015,44.48,44.75,44.060001,44.400002,21752000,41.517258
7/6/2015,43.959999,44.48,43.950001,44.389999,23034000,41.507896
7/7/2015,44.34,44.490002,43.32,44.299999,36435800,41.423748
7/8/2015,44.439999,44.900002,44.029999,44.240002,39785900,41.367645
7/9/2015,44.75,45.220001,44.5,44.52,32424700,41.629467
7/10/2015,45.009998,45.139999,44.57,44.610001,25465800,41.713612
7/13/2015,44.98,45.619999,44.950001,45.540001,28178300,42.583237
7/14/2015,45.450001,45.959999,45.310001,45.619999,22880300,42.658035
7/15/2015,45.68,45.889999,45.43,45.759998,26629600,42.788948
7/16/2015,46.009998,46.689999,45.970001,46.66,26271700,43.63052
7/17/2015,46.549999,46.779999,46.259998,46.619999,29467100,43.593117
7/20/2015,46.650002,47.130001,46.439999,46.919998,30631900,43.873638
7/21/2015,46.779999,47.330002,46.48,47.279999,42781900,44.210266
7/22/2015,45.439999,46.93,45.200001,45.540001,59152400,42.583237
7/23/2015,45.27,46.23,45.099998,46.110001,33934000,43.11623
7/24/2015,45.91,46.32,45.799999,45.939999,32333200,42.95726
7/27/2015,45.939999,46.009998,45.25,45.349998,39701400,42.405567
7/28/2015,45.580002,45.639999,44.790001,45.34,34328900,42.396229
7/29/2015,45.400002,46.779999,45.259998,46.290001,40945900,43.284546
7/30/2015,46.259998,47.400002,45.93,46.880001,39777900,43.836235
7/31/2015,47.290001,47.369999,46.5,46.700001,31201500,43.667923
8/3/2015,46.98,47,46.450001,46.810001,24125900,43.770782
8/4/2015,46.75,47.709999,46.68,47.540001,33403900,44.453377
8/5/2015,47.98,48.41,47.540001,47.580002,26959700,44.490788
8/6/2015,47.709999,47.77,46.330002,46.619999,27368000,43.593117
8/7/2015,46.389999,46.779999,46.259998,46.740002,19163000,43.705326
8/10/2015,46.950001,47.490002,46.84,47.330002,23079900,44.257019
8/11/2015,46.82,46.939999,45.900002,46.41,28384300,43.396748
8/12/2015,46.189999,46.900002,45.709999,46.740002,30181400,43.705326
8/13/2015,47.060001,47.099998,46.490002,46.73,22627200,43.695976
8/14/2015,46.529999,47.099998,46.52,47,21356800,43.948441
8/17/2015,46.810001,47.450001,46.57,47.32,21099700,44.247669
8/18/2015,46.84,47.43,46.700001,47.27,23574100,44.49239
8/19/2015,46.779999,47.080002,46.299999,46.610001,31485500,43.871174
8/20/2015,46.07,46.470001,45.66,45.66,36238200,42.977001
8/21/2015,45.299999,45.48,43.07,43.07,70053100,40.539185
8/24/2015,40.450001,42.689999,39.720001,41.68,88753700,39.230865
8/25/2015,42.57,43.240002,40.389999,40.470001,70616600,38.091969
8/26/2015,42.009998,42.84,41.060001,42.709999,63408000,40.200336
8/27/2015,43.23,43.950001,42.93,43.900002,50943200,41.320408
8/28/2015,43.400002,44.150002,43.389999,43.93,28246700,41.348652
8/31/2015,43.560001,43.93,43.099998,43.52,34159100,40.962753
9/1/2015,42.169998,42.59,41.66,41.82,49688900,39.362629
9/2/2015,42.360001,43.380001,41.880001,43.360001,37671500,40.812145
9/3/2015,43.41,43.98,43.279999,43.5,28285200,40.943913
9/4/2015,42.810001,43.040001,42.200001,42.610001,37138800,40.106216
9/8/2015,43.299999,44,43.200001,43.889999,32469800,41.311001
9/9/2015,44.209999,44.400002,42.91,43.07,33318800,40.539185
9/10/2015,43.119999,43.790001,42.75,43.290001,31366600,40.746258
9/11/2015,43.139999,43.59,42.939999,43.48,27132500,40.925087
9/14/2015,43.43,43.439999,42.860001,43.040001,23656000,40.510948
9/15/2015,43.189999,44.290001,43.080002,43.98,28662100,41.395714
9/16/2015,43.970001,44.380001,43.84,44.299999,23372200,41.696911
9/17/2015,44.290001,45,44.080002,44.25,32768200,41.649849
9/18/2015,43.5,43.990002,43.330002,43.48,62221600,40.925087
9/21/2015,43.619999,44.470001,43.599998,44.110001,26177200,41.518074
9/22/2015,43.380001,44.049999,43.310001,43.900002,28085900,41.320408
9/23/2015,43.93,44.169998,43.509998,43.869999,17145200,41.292171
9/24/2015,43.450001,44.130001,43.27,43.91,27905600,41.329826
9/25/2015,44.48,44.73,43.759998,43.939999,29384600,41.358063
9/28/2015,43.830002,44.09,43.209999,43.290001,27613800,40.746258
9/29/2015,43.369999,43.57,43.049999,43.439999,32763600,40.887444
9/30/2015,43.880001,44.299999,43.66,44.259998,34589500,41.65926
10/1/2015,44.75,44.75,43.75,44.610001,28657900,41.988697
10/2/2015,44.27,45.57,43.919998,45.57,41839000,42.892284
10/5/2015,45.75,46.889999,45.700001,46.630001,34369300,43.889999
10/6/2015,46.330002,47.18,46.220001,46.75,27017200,44.002945
10/7/2015,47.099998,47.349998,45.950001,46.799999,27711500,44.050011
10/8/2015,46.560001,47.52,46.5,47.450001,33772700,44.661816
10/9/2015,47.450001,47.540001,46.919998,47.110001,28600600,44.341797
10/12/2015,46.98,47.07,46.5,47,19769100,44.238258
10/13/2015,46.560001,47.130001,46.560001,46.889999,19987800,44.13472
10/14/2015,46.650002,47.099998,46.529999,46.68,24697800,43.937054
10/15/2015,47.009998,47.029999,46.529999,47.009998,27189400,44.247669
10/16/2015,47.02,47.540001,46.900002,47.509998,26450300,44.718285
10/19/2015,47.419998,47.880001,47.02,47.619999,29387600,44.821823
10/20/2015,47.439999,47.810001,47.02,47.77,30574000,44.963005
10/21/2015,47.919998,47.990002,47.110001,47.200001,25144300,44.426506
10/22/2015,47.529999,48.950001,47.09,48.029999,56637100,45.207737
10/23/2015,52.299999,54.07,52.25,52.869999,135227100,49.763332
10/26/2015,52.529999,54.32,52.5,54.25,64633300,51.062241
10/27/2015,53.990002,54.369999,53.580002,53.689999,50999900,50.535149
10/28/2015,53.540001,53.98,52.860001,53.98,47000800,50.808102
10/29/2015,53.540001,53.830002,53.220001,53.360001,30036300,50.224545
10/30/2015,53.32,53.990002,52.619999,52.639999,46619800,49.546844
11/2/2015,52.849998,53.360001,52.619999,53.240002,30285000,50.111588
11/3/2015,52.93,54.389999,52.900002,54.150002,36596900,50.968117
11/4/2015,54.18,54.880001,54.060001,54.400002,37020400,51.203426
11/5/2015,54.490002,54.700001,54,54.380001,31468500,51.184605
11/6/2015,54.09,54.98,53.959999,54.919998,32851200,51.692871
11/9/2015,54.549999,54.869999,53.560001,54.16,32513100,50.977528
11/10/2015,54.07,54.130001,53.27,53.509998,55283700,50.365719
11/11/2015,53.700001,54.200001,53.459999,53.650002,36516300,50.497498
11/12/2015,53.48,53.98,53.189999,53.32,35361100,50.18689
11/13/2015,53.07,53.290001,52.529999,52.84,36848200,49.735096
11/16/2015,53.080002,53.889999,52.849998,53.77,32165200,50.610451
11/17/2015,53.169998,53.529999,52.849998,52.970001,31551300,50.193512
11/18/2015,53,53.98,52.98,53.849998,29710000,51.027382
11/19/2015,53.990002,54.66,53.779999,53.939999,28149200,51.112663
11/20/2015,54.25,54.299999,53.27,54.189999,37147600,51.34956
11/23/2015,54.25,54.459999,53.75,54.189999,28235900,51.34956
11/24/2015,53.919998,54.439999,53.580002,54.25,24600000,51.406422
11/25/2015,54.09,54.23,53.689999,53.689999,21005100,50.875771
11/27/2015,53.799999,54.080002,53.790001,53.93,9009100,51.103188
11/30/2015,54.540001,54.959999,54,54.349998,56241400,51.501175
12/1/2015,54.41,55.23,54.299999,55.220001,39952800,52.325581
12/2/2015,55.32,55.959999,55.060001,55.209999,47274900,52.316093
12/3/2015,55.490002,55.77,53.93,54.200001,38627800,51.359039
12/4/2015,54.119999,56.23,54.099998,55.91,43963700,52.979404
12/7/2015,55.790001,55.970001,55.290001,55.810001,30709800,52.884647
12/8/2015,55.470001,56.099998,54.990002,55.790001,32878000,52.865696
12/9/2015,55.369999,55.869999,54.509998,54.98,36373200,52.098156
12/10/2015,55.389999,55.66,55.009998,55.27,31620700,52.372955
12/11/2015,54.709999,55.099998,54.009998,54.060001,39549500,51.226376
12/14/2015,54.330002,55.209999,53.68,55.139999,46768900,52.249763
12/15/2015,55.66,55.900002,55.09,55.200001,39843000,52.306625
12/16/2015,55.540001,56.25,54.759998,56.130001,37503300,53.187874
12/17/2015,56.360001,56.790001,55.529999,55.700001,41280900,52.780415
12/18/2015,55.77,56,54.029999,54.130001,84684200,51.292709
12/21/2015,54.880001,55.349998,54.23,54.830002,37246300,51.95602
12/22/2015,54.990002,55.48,54.5,55.349998,28300300,52.448761
12/23/2015,55.700001,55.880001,55.439999,55.82,27279800,52.894127
12/24/2015,55.860001,55.959999,55.43,55.669998,9570000,52.75198
12/28/2015,55.349998,55.950001,54.98,55.950001,21698000,53.017315
12/29/2015,56.290001,56.849998,56.060001,56.549999,27731400,53.585861
12/30/2015,56.470001,56.779999,56.290001,56.310001,21704500,53.358444
12/31/2015,56.040001,56.189999,55.419998,55.48,27334100,52.571945
1/4/2016,54.32,54.799999,53.389999,54.799999,53778000,51.927593
1/5/2016,54.93,55.389999,54.540001,55.049999,34079700,52.16449
1/6/2016,54.32,54.400002,53.639999,54.049999,39518900,51.2169
1/7/2016,52.700001,53.490002,52.07,52.169998,56564900,49.435444
1/8/2016,52.369999,53.279999,52.150002,52.330002,48754000,49.587063
1/11/2016,52.509998,52.849998,51.459999,52.299999,36663600,49.558632
1/12/2016,52.759998,53.099998,52.060001,52.779999,36095500,50.01347
1/13/2016,53.799999,54.07,51.299999,51.639999,66883600,48.933224
1/14/2016,52,53.419998,51.57,53.110001,52381900,50.32618
1/15/2016,51.310001,51.970001,50.34,50.990002,71820700,48.317295
1/19/2016,51.48,51.68,50.060001,50.560001,43564500,47.909836
1/20/2016,49.98,51.380001,49.099998,50.790001,63273000,48.127781
1/21/2016,51,51.580002,50.299999,50.48,40191200,47.83403
1/22/2016,51.41,52.330002,51.259998,52.290001,37555800,49.549152
1/25/2016,51.939999,52.650002,51.650002,51.790001,34707700,49.075359
1/26/2016,51.790001,52.439999,51.549999,52.169998,28699500,49.435444
1/27/2016,52.009998,52.200001,51.02,51.220001,36775200,48.53524
1/28/2016,51.860001,52.209999,51.25,52.060001,62513800,49.331215
1/29/2016,54.73,55.09,54,55.09,83611700,52.202389
2/1/2016,54.880001,55.09,54.5,54.709999,44208500,51.842304
2/2/2016,54.169998,54.259998,52.650002,53,56313800,50.221935
2/3/2016,53.25,53.389999,51.259998,52.16,57559800,49.425968
2/4/2016,52.099998,52.810001,51.369999,52,46803400,49.274361
2/5/2016,51.939999,52,49.560001,50.16,62009000,47.530804
2/8/2016,49.549999,49.57,48.189999,49.41,59290500,46.82011
2/9/2016,49.02,50.240002,48.669998,49.279999,45822200,46.696926
2/10/2016,49.889999,50.389999,49.52,49.709999,38237000,47.104385
2/11/2016,48.68,50.110001,48.509998,49.689999,48878600,47.085438
2/12/2016,50.25,50.68,49.75,50.5,34243300,47.852978
2/16/2016,50.900002,51.09,50.130001,51.09,37291200,48.759647
2/17/2016,51.490002,52.77,51.450001,52.419998,40789000,50.02898
2/18/2016,52.330002,52.950001,52.099998,52.189999,27176000,49.809479
2/19/2016,51.970001,52.279999,51.529999,51.82,33559100,49.456352
2/22/2016,52.279999,53,52.279999,52.650002,25008300,50.248489
2/23/2016,52.34,52.369999,50.98,51.18,28895300,48.845543
2/24/2016,50.689999,51.5,50.200001,51.360001,33014500,49.017334
2/25/2016,51.73,52.099998,50.610001,52.099998,26695900,49.723579
2/26/2016,52.599998,52.68,51.099998,51.299999,35975900,48.960068
2/29/2016,51.349998,51.650002,50.66,50.880001,31654000,48.559227
3/1/2016,50.970001,52.59,50.919998,52.580002,33024500,50.18169
3/2/2016,52.41,52.959999,52.16,52.950001,29289900,50.534809
3/3/2016,52.970001,52.970001,51.779999,52.349998,24418100,49.962177
3/4/2016,52.400002,52.450001,51.709999,52.029999,33034200,49.656769
3/7/2016,51.560001,51.799999,50.580002,51.029999,38407800,48.702377
3/8/2016,50.799999,52.130001,50.599998,51.650002,33835100,49.294113
3/9/2016,51.889999,52.849998,51.860001,52.84,28251600,50.429821
3/10/2016,52.93,52.939999,51.16,52.049999,38384200,49.675858
3/11/2016,53,53.07,52.380001,53.07,32275700,50.649334
3/14/2016,52.709999,53.59,52.630001,53.169998,24083600,50.74477
3/15/2016,52.75,53.59,52.740002,53.59,21104800,51.145618
3/16/2016,53.450001,54.599998,53.400002,54.349998,31691700,51.870949
3/17/2016,54.209999,55,54,54.66,28223900,52.166809
3/18/2016,54.919998,54.970001,53.450001,53.490002,67625500,51.050182
3/21/2016,53.25,53.93,52.93,53.860001,23925700,51.403305
3/22/2016,53.610001,54.25,53.459999,54.07,23124100,51.603722
3/23/2016,54.110001,54.240002,53.740002,53.970001,20129000,51.508286
3/24/2016,53.84,54.330002,53.73,54.209999,19950000,51.737339
3/28/2016,54.209999,54.290001,53.330002,53.540001,17025100,51.097897
3/29/2016,53.66,54.860001,53.450001,54.709999,23375000,52.214527
3/30/2016,54.93,55.639999,54.900002,55.049999,23008300,52.539024
3/31/2016,54.950001,55.59,54.860001,55.23,26360500,52.710804
4/1/2016,55.049999,55.610001,54.57,55.57,24399200,53.035305
4/4/2016,55.43,55.66,55,55.43,18928800,52.901688
4/5/2016,55.189999,55.299999,54.459999,54.560001,19272300,52.071373
4/6/2016,54.360001,55.200001,54.209999,55.119999,21032100,52.60582
4/7/2016,54.869999,54.91,54.23,54.459999,19225100,51.975929
4/8/2016,54.669998,55.279999,54.32,54.419998,22167200,51.937748
4/11/2016,54.490002,55.150002,54.299999,54.310001,21414200,51.832779
4/12/2016,54.369999,54.779999,53.759998,54.650002,24574200,52.157269
4/13/2016,55.119999,55.439999,54.889999,55.349998,20818000,52.82534
4/14/2016,55.220001,55.580002,55.07,55.360001,20875100,52.834881
4/15/2016,55.299999,55.919998,55.110001,55.650002,28793800,53.11166
4/18/2016,55.490002,56.59,55.209999,56.459999,23150300,53.884712
4/19/2016,56.630001,56.77,55.68,56.389999,29596800,53.817902
4/20/2016,56.290001,56.5,55.490002,55.59,36195700,53.054394
4/21/2016,55.799999,56.23,55.419998,55.779999,38909100,53.235722
4/22/2016,51.91,52.43,50.77,51.779999,126834100,49.418179
4/25/2016,51.779999,52.130001,51.630001,52.110001,33226900,49.733128
4/26/2016,52.259998,52.349998,51.09,51.439999,33532600,49.093678
4/27/2016,51.48,51.5,50.549999,50.939999,43369300,48.616486
4/28/2016,50.619999,50.77,49.560001,49.900002,43134800,47.623924
4/29/2016,49.349998,50.25,49.349998,49.869999,48411700,47.595295
5/2/2016,50,50.75,49.779999,50.610001,33114500,48.301548
5/3/2016,50.34,50.41,49.599998,49.779999,26460200,47.509399
5/4/2016,49.84,50.060001,49.459999,49.869999,24257600,47.595295
5/5/2016,49.869999,50.299999,49.73,49.939999,25390700,47.662098
5/6/2016,49.919998,50.389999,49.66,50.389999,24787300,48.091576
5/9/2016,50.490002,50.59,50,50.07,17951600,47.786171
5/10/2016,50.330002,51.099998,50.189999,51.02,22741500,48.692841
5/11/2016,51.130001,51.779999,51,51.049999,24039100,48.72147
5/12/2016,51.200001,51.810001,50.919998,51.509998,24102800,49.160488
5/13/2016,51.439999,51.900002,51.040001,51.080002,22592300,48.750107
5/16/2016,50.799999,51.959999,50.75,51.830002,20032000,49.465893
5/17/2016,51.720001,51.73,50.360001,50.509998,27803500,48.543274
5/18/2016,50.48,51.139999,50.299999,50.810001,24907500,48.831589
5/19/2016,50.470001,50.619999,49.82,50.32,23842400,48.360672
5/20/2016,50.48,51.220001,50.400002,50.619999,23905800,48.648998
5/23/2016,50.599998,50.68,49.98,50.029999,25999700,48.081966
5/24/2016,50.700001,51.709999,50.400002,51.59,34757900,49.581226
5/25/2016,51.919998,52.490002,51.790001,52.119999,24040200,50.090584
5/26/2016,51.93,51.98,51.360001,51.889999,24182900,49.869537
5/27/2016,51.919998,52.32,51.77,52.32,17721400,50.282799
5/31/2016,52.259998,53,52.080002,53,37653100,50.936321
6/1/2016,52.439999,52.950001,52.439999,52.849998,25324800,50.79216
6/2/2016,52.639999,52.740002,51.84,52.48,22565300,50.436569
6/3/2016,52.380001,52.419998,51.599998,51.790001,23368300,49.773438
6/6/2016,51.990002,52.349998,51.889999,52.130001,18243300,50.100197
6/7/2016,52.240002,52.73,52.099998,52.099998,20866800,50.071362
6/8/2016,52.02,52.439999,51.869999,52.040001,21149400,50.013699
6/9/2016,52,52,51.490002,51.619999,20305700,49.610054
6/10/2016,51.049999,52.049999,51.040001,51.48,25833200,49.475506
6/13/2016,49.580002,50.720001,49.060001,50.139999,83217800,48.187679
6/14/2016,49.900002,50.099998,49.57,49.830002,42577100,47.889751
6/15/2016,49.779999,50.119999,49.689999,49.689999,33757600,47.755203
6/16/2016,49.52,50.470001,49.509998,50.389999,31188600,48.427944
6/17/2016,50.41,50.43,49.82,50.130001,45710500,48.178074
6/20/2016,50.639999,50.830002,50.029999,50.07,35607900,48.120407
6/21/2016,50.200001,51.43,50.16,51.189999,34097800,49.196793
6/22/2016,51.080002,51.459999,50.950001,50.990002,28816800,49.004589
6/23/2016,51.279999,52.060001,51.150002,51.91,29028800,49.88876
6/24/2016,49.810001,50.939999,49.52,49.830002,133503000,47.889751
6/27/2016,49.099998,49.150002,48.040001,48.43,50216300,46.54427
6/28/2016,48.919998,49.470001,48.669998,49.439999,38140700,47.514938
6/29/2016,49.91,50.720001,49.799999,50.540001,31304000,48.572105
6/30/2016,50.720001,51.299999,50.5,51.169998,28527800,49.177578
7/1/2016,51.130001,51.720001,51.07,51.16,21400400,49.167969
7/5/2016,50.830002,51.279999,50.740002,51.169998,24806400,49.177578
7/6/2016,50.779999,51.540001,50.389999,51.380001,28167500,49.379402
7/7/2016,51.419998,51.610001,51.07,51.380001,19580800,49.379402
7/8/2016,51.73,52.360001,51.549999,52.299999,28391000,50.26358
7/11/2016,52.5,52.830002,52.470001,52.59,22269200,50.54229
7/12/2016,52.939999,53.400002,52.790001,53.209999,27317600,51.138145
7/13/2016,53.560001,53.860001,53.18,53.509998,25356800,51.42646
7/14/2016,53.84,53.990002,53.580002,53.740002,24545500,51.647511
7/15/2016,53.950001,54,53.209999,53.700001,32024400,51.609066
7/18/2016,53.700001,54.34,53.549999,53.959999,31433900,51.85894
7/19/2016,53.709999,53.900002,52.93,53.09,53336500,51.02282
7/20/2016,56.150002,56.84,55.529999,55.91,89893300,53.733013
7/21/2016,55.98,56.23,55.759998,55.799999,32776700,53.627296
7/22/2016,56.080002,56.630001,55.779999,56.57,32157200,54.36731
7/25/2016,56.470001,56.740002,56.259998,56.73,25610600,54.521084
7/26/2016,56.52,57.290001,56.509998,56.759998,28079000,54.549915
7/27/2016,56.610001,56.799999,56.110001,56.189999,32095300,54.002106
7/28/2016,56,56.369999,55.720001,56.209999,37550400,54.021328
7/29/2016,56.259998,56.759998,56.049999,56.68,30558700,54.47303
8/1/2016,56.599998,56.75,56.139999,56.580002,26003400,54.37693
8/2/2016,56.849998,56.900002,56.310001,56.580002,35122000,54.37693
8/3/2016,56.68,57.110001,56.490002,56.970001,22075600,54.751743
8/4/2016,56.799999,57.52,56.669998,57.389999,26466400,55.155388
8/5/2016,57.650002,58.209999,57.450001,57.959999,29335200,55.703186
8/8/2016,58.060001,58.09,57.779999,58.060001,19473500,55.799297
8/9/2016,58.169998,58.5,58.02,58.200001,16920700,55.933849
8/10/2016,58.16,58.32,57.82,58.02,15756900,55.760853
8/11/2016,58.029999,58.450001,58.029999,58.299999,18133800,56.029949
8/12/2016,58.029999,58.189999,57.619999,57.939999,21655200,55.683968
8/15/2016,58.009998,58.5,57.959999,58.119999,19283900,55.856956
8/16/2016,57.610001,57.619999,57.27,57.439999,20523500,55.547501
8/17/2016,57.540001,57.68,57.23,57.560001,18856400,55.663548
8/18/2016,57.419998,57.700001,57.27,57.599998,14214300,55.702232
8/19/2016,57.43,57.73,57.200001,57.619999,17271000,55.721573
8/22/2016,57.599998,57.75,57.259998,57.669998,15221900,55.769924
8/23/2016,57.900002,58.18,57.849998,57.889999,18732400,55.982677
8/24/2016,57.799999,58.040001,57.720001,57.950001,18151500,56.040699
8/25/2016,57.880001,58.290001,57.779999,58.169998,18552600,56.253452
8/26/2016,58.279999,58.700001,57.689999,58.029999,20971200,56.118065
8/29/2016,58.18,58.599998,58.099998,58.099998,16217900,56.185757
8/30/2016,57.98,58.189999,57.610001,57.889999,16930200,55.982677
8/31/2016,57.650002,57.799999,57.299999,57.459999,20860300,55.566841
9/1/2016,57.009998,57.82,57.009998,57.59,26075400,55.692554
9/2/2016,57.669998,58.189999,57.419998,57.669998,18900500,55.769924
9/6/2016,57.779999,57.799999,57.209999,57.610001,16278400,55.711906
9/7/2016,57.470001,57.84,57.41,57.66,17493400,55.760254
9/8/2016,57.630001,57.790001,57.18,57.43,19972500,55.53783
9/9/2016,56.790001,57.52,56.209999,56.209999,35113900,54.358028
9/12/2016,56,57.209999,55.610001,57.049999,29303000,55.170349
9/13/2016,56.5,56.650002,56.049999,56.529999,30130200,54.667484
9/14/2016,56.389999,56.630001,56.029999,56.259998,24062500,54.40638
9/15/2016,56.150002,57.349998,55.98,57.189999,26847000,55.30574
9/16/2016,57.630001,57.630001,56.75,57.25,44607000,55.363766
9/19/2016,57.27,57.75,56.849998,56.93,20879200,55.054306
9/20/2016,57.349998,57.349998,56.75,56.810001,17384000,54.938263
9/21/2016,57.509998,57.849998,57.080002,57.759998,33707300,55.856953
9/22/2016,57.919998,58,57.630001,57.82,19822200,55.914982
9/23/2016,57.869999,57.91,57.380001,57.43,19955300,55.53783
9/26/2016,57.080002,57.139999,56.830002,56.900002,21688700,55.025295
9/27/2016,56.93,58.060001,56.68,57.950001,28065100,56.040699
9/28/2016,57.880001,58.060001,57.669998,58.029999,20536400,56.118065
9/29/2016,57.810001,58.169998,57.209999,57.400002,25463500,55.50882
9/30/2016,57.57,57.77,57.34,57.599998,29910800,55.702232
10/3/2016,57.41,57.549999,57.060001,57.419998,19189500,55.528164
10/4/2016,57.27,57.599998,56.970001,57.240002,20085900,55.354088
10/5/2016,57.290001,57.959999,57.259998,57.639999,16726400,55.740913
10/6/2016,57.740002,57.860001,57.279999,57.740002,16212600,55.837627
10/7/2016,57.849998,57.98,57.419998,57.799999,20089000,55.895641
10/10/2016,57.91,58.389999,57.869999,58.040001,18084400,56.127735
10/11/2016,57.889999,58.02,56.889999,57.189999,26497400,55.30574
10/12/2016,57.110001,57.27,56.400002,57.110001,22177500,55.228374
10/13/2016,56.700001,57.299999,56.32,56.919998,25313700,55.044628
10/14/2016,57.119999,57.740002,57.119999,57.419998,27402500,55.528164
10/17/2016,57.360001,57.459999,56.869999,57.220001,23830000,55.334755
10/18/2016,57.529999,57.950001,57.41,57.66,18631500,55.760254
10/19/2016,57.470001,57.84,57.400002,57.529999,22878400,55.634537
10/20/2016,57.5,57.52,56.66,57.25,49455600,55.363766
10/21/2016,60.279999,60.450001,59.490002,59.66,80032200,57.694359
10/24/2016,59.939999,61,59.93,61,54067000,58.990215
10/25/2016,60.849998,61.369999,60.799999,60.990002,35137200,58.980541
10/26/2016,60.810001,61.200001,60.470001,60.630001,29911600,58.632401
10/27/2016,60.610001,60.830002,60.09,60.099998,28479900,58.119862
10/28/2016,60.009998,60.52,59.580002,59.869999,33574700,57.897442
10/31/2016,60.16,60.419998,59.919998,59.919998,26434700,57.945789
11/1/2016,59.970001,60.02,59.25,59.799999,24533000,57.82975
11/2/2016,59.82,59.93,59.299999,59.43,22147000,57.471939
11/3/2016,59.529999,59.639999,59.110001,59.209999,21600400,57.259182
11/4/2016,58.650002,59.279999,58.52,58.709999,28697000,56.775661
11/7/2016,59.779999,60.52,59.779999,60.419998,31664800,58.429321
11/8/2016,60.549999,60.779999,60.150002,60.470001,22862000,58.477673
11/9/2016,60,60.59,59.200001,60.169998,49632500,58.187553
11/10/2016,60.48,60.490002,57.630001,58.700001,57822400,56.765991
11/11/2016,58.23,59.119999,58.009998,59.02,38767800,57.075447
11/14/2016,59.02,59.080002,57.279999,58.119999,40861900,56.205093
11/15/2016,58.330002,59.490002,58.32,58.869999,35904100,57.314983
11/16/2016,58.939999,59.66,58.810001,59.650002,26851400,58.074383
11/17/2016,60.41,60.950001,59.970001,60.639999,32132700,59.038235
11/18/2016,60.779999,61.139999,60.299999,60.349998,27686300,58.755894
11/21/2016,60.5,60.970001,60.419998,60.860001,19652600,59.252422
11/22/2016,60.98,61.259998,60.810001,61.119999,23206700,59.50555
11/23/2016,61.009998,61.099998,60.25,60.400002,21847200,58.804569
11/25/2016,60.299999,60.529999,60.130001,60.529999,8409600,58.931133
11/28/2016,60.34,61.02,60.209999,60.610001,20732600,59.009022
11/29/2016,60.650002,61.41,60.52,61.09,22366700,59.476349
11/30/2016,60.860001,61.18,60.220001,60.259998,34655400,58.668266
12/1/2016,60.110001,60.150002,58.939999,59.200001,34542100,57.636265
12/2/2016,59.080002,59.470001,58.799999,59.25,25515700,57.684944
12/5/2016,59.700001,60.59,59.560001,60.220001,23552700,58.62933
12/6/2016,60.43,60.459999,59.799999,59.950001,19907000,58.366463
12/7/2016,60.009998,61.380001,59.799999,61.369999,30809000,59.748951
12/8/2016,61.299999,61.580002,60.84,61.009998,21220800,59.398457
12/9/2016,61.18,61.990002,61.130001,61.970001,27349400,60.333103
12/12/2016,61.82,62.299999,61.720001,62.169998,20198100,60.527817
12/13/2016,62.5,63.419998,62.240002,62.98,35718900,61.316422
12/14/2016,63,63.450001,62.529999,62.68,30352700,61.024345
12/15/2016,62.700001,63.150002,62.299999,62.580002,27669900,60.926991
12/16/2016,62.950001,62.950001,62.119999,62.299999,42204700,60.654381
12/19/2016,62.560001,63.77,62.419998,63.619999,34338200,61.939518
12/20/2016,63.689999,63.799999,63.029999,63.540001,26028400,61.861633
12/21/2016,63.43,63.700001,63.119999,63.540001,17096300,61.861633
12/22/2016,63.84,64.099998,63.41,63.549999,22176600,61.871365
12/23/2016,63.450001,63.540001,62.799999,63.240002,12398000,61.569557
12/27/2016,63.209999,64.07,63.209999,63.279999,11763200,61.60849
12/28/2016,63.400002,63.400002,62.830002,62.990002,14653300,61.326157
12/29/2016,62.860001,63.200001,62.73,62.900002,10181600,61.238541
12/30/2016,62.959999,62.990002,62.029999,62.139999,25579900,60.498604
1/3/2017,62.790001,62.84,62.130001,62.580002,20694100,60.926991
1/4/2017,62.48,62.75,62.119999,62.299999,21340000,60.654381
1/5/2017,62.189999,62.66,62.029999,62.299999,24876000,60.654381
1/6/2017,62.299999,63.150002,62.040001,62.84,19922900,61.180119
1/9/2017,62.759998,63.080002,62.540001,62.639999,20256600,60.985405
1/10/2017,62.73,63.07,62.279999,62.619999,18593000,60.965931
1/11/2017,62.610001,63.23,62.43,63.189999,21517300,61.520874
1/12/2017,63.060001,63.400002,61.950001,62.610001,20968200,60.956196
1/13/2017,62.619999,62.869999,62.349998,62.700001,19422300,61.043819
1/17/2017,62.68,62.700001,62.029999,62.529999,20620400,60.878307
1/18/2017,62.669998,62.700001,62.119999,62.5,19670100,60.849106
1/19/2017,62.240002,62.98,62.200001,62.299999,18451700,60.654381
1/20/2017,62.669998,62.82,62.369999,62.740002,30213500,61.08276
1/23/2017,62.700001,63.119999,62.57,62.959999,23097600,61.296947
1/24/2017,63.200001,63.740002,62.939999,63.52,24672900,61.842159
1/25/2017,63.950001,64.099998,63.450001,63.68,23672700,61.997929
1/26/2017,64.120003,64.540001,63.549999,64.269997,43554600,62.572346
1/27/2017,65.389999,65.910004,64.889999,65.779999,44818000,64.042465
1/30/2017,65.690002,65.790001,64.800003,65.129997,31651400,63.409626
1/31/2017,64.860001,65.150002,64.260002,64.650002,25270500,62.94231
2/1/2017,64.360001,64.620003,63.470001,63.580002,39671500,61.900574
2/2/2017,63.25,63.41,62.75,63.169998,45827000,61.5014
2/3/2017,63.5,63.700001,63.07,63.68,30301800,61.997929
2/6/2017,63.5,63.650002,63.139999,63.639999,19796400,61.958992
2/7/2017,63.740002,63.779999,63.23,63.43,20277200,61.754536
2/8/2017,63.57,63.810001,63.220001,63.34,18096400,61.666916
2/9/2017,63.52,64.440002,63.32,64.059998,22644400,62.367889
2/10/2017,64.25,64.300003,63.98,64,18170700,62.309475
2/13/2017,64.239998,64.860001,64.129997,64.720001,22920100,63.010464
2/14/2017,64.410004,64.720001,64.019997,64.57,23065900,63.245537
2/15/2017,64.5,64.57,64.160004,64.529999,17005200,63.20636
2/16/2017,64.739998,65.239998,64.440002,64.519997,20546300,63.196564
2/17/2017,64.470001,64.690002,64.300003,64.620003,21248800,63.294514
2/21/2017,64.610001,64.949997,64.449997,64.489998,20655900,63.167179
2/22/2017,64.330002,64.389999,64.050003,64.360001,19292700,63.039845
2/23/2017,64.419998,64.730003,64.190002,64.620003,20273100,63.294514
2/24/2017,64.529999,64.800003,64.139999,64.620003,21796800,63.294514
2/27/2017,64.540001,64.540001,64.050003,64.230003,15871500,62.912518
2/28/2017,64.080002,64.199997,63.759998,63.98,23239800,62.667637
3/1/2017,64.129997,64.989998,64.019997,64.940002,26937500,63.607956
3/2/2017,64.690002,64.75,63.880001,64.010002,24539600,62.697029
3/3/2017,63.990002,64.279999,63.619999,64.25,18135900,62.932102
3/6/2017,63.970001,64.559998,63.810001,64.269997,18750300,62.951691
3/7/2017,64.190002,64.779999,64.190002,64.400002,18521000,63.079025
3/8/2017,64.260002,65.080002,64.25,64.989998,21510900,63.656918
3/9/2017,65.190002,65.199997,64.480003,64.730003,19846800,63.402267
3/10/2017,65.110001,65.260002,64.75,64.93,19538200,63.598156
3/13/2017,65.010002,65.190002,64.57,64.709999,20100000,63.382668
3/14/2017,64.529999,64.550003,64.150002,64.410004,14280200,63.088825
3/15/2017,64.550003,64.919998,64.25,64.75,24833800,63.421848
3/16/2017,64.75,64.760002,64.300003,64.639999,20674300,63.314102
3/17/2017,64.910004,65.239998,64.68,64.870003,49219700,63.539387
3/20/2017,64.910004,65.18,64.720001,64.93,14598100,63.598156
3/21/2017,65.190002,65.5,64.129997,64.209999,26640500,62.892925
3/22/2017,64.120003,65.139999,64.120003,65.029999,20680000,63.696102
3/23/2017,64.940002,65.239998,64.769997,64.870003,19269200,63.539387
3/24/2017,65.360001,65.449997,64.760002,64.980003,22617100,63.647133
3/27/2017,64.629997,65.220001,64.349998,65.099998,18614700,63.76466
3/28/2017,64.959999,65.470001,64.650002,65.290001,20080400,63.950768
3/29/2017,65.120003,65.5,64.949997,65.470001,13618400,64.12709
3/30/2017,65.419998,65.980003,65.360001,65.709999,15122800,64.36216
3/31/2017,65.650002,66.190002,65.449997,65.860001,21040300,64.509079
4/3/2017,65.809998,65.940002,65.190002,65.550003,20400900,64.205437
4/4/2017,65.389999,65.809998,65.279999,65.730003,12997400,64.381752
4/5/2017,66.300003,66.349998,65.440002,65.559998,21448600,64.215225
4/6/2017,65.599998,66.059998,65.480003,65.730003,18103500,64.381752
4/7/2017,65.849998,65.959999,65.440002,65.68,14108500,64.332779
4/10/2017,65.610001,65.82,65.360001,65.529999,17952700,64.185844
4/11/2017,65.599998,65.610001,64.849998,65.480003,18791500,64.136871
4/12/2017,65.419998,65.510002,65.110001,65.230003,17108500,63.892002
4/13/2017,65.290001,65.860001,64.949997,64.949997,17896500,63.617741
4/17/2017,65.040001,65.489998,65.010002,65.480003,16689300,64.136871
4/18/2017,65.330002,65.709999,65.160004,65.389999,15155600,64.048721
4/19/2017,65.650002,65.75,64.889999,65.040001,26992800,63.705902
4/20/2017,65.459999,65.75,65.139999,65.5,22299500,64.156456
4/21/2017,65.669998,66.699997,65.449997,66.400002,32522600,65.038002
4/24/2017,67.480003,67.660004,67.099998,67.529999,29770000,66.144821
4/25/2017,67.900002,68.040001,67.599998,67.919998,30242700,66.526817
4/26/2017,68.080002,68.309998,67.620003,67.830002,26190800,66.438675
4/27/2017,68.150002,68.379997,67.580002,68.269997,34971000,66.869644
4/28/2017,68.910004,69.139999,67.690002,68.459999,39423500,67.05574
5/1/2017,68.68,69.550003,68.5,69.410004,31954400,67.986259
5/2/2017,69.709999,69.709999,69.129997,69.300003,23906100,67.878525
5/3/2017,69.379997,69.379997,68.709999,69.080002,28928000,67.663025
5/4/2017,69.029999,69.080002,68.639999,68.809998,21749400,67.398567
5/5/2017,68.900002,69.029999,68.489998,69,19128800,67.584671
5/8/2017,68.970001,69.050003,68.419998,68.940002,18566100,67.525909
5/9/2017,68.860001,69.279999,68.68,69.040001,22858400,67.623856
5/10/2017,68.989998,69.559998,68.919998,69.309998,17977800,67.888306
5/11/2017,68.360001,68.730003,68.120003,68.459999,28789400,67.05574
5/12/2017,68.610001,68.610001,68.040001,68.379997,18714100,66.977386
5/15/2017,68.139999,68.480003,67.57,68.43,31530300,67.02636
5/16/2017,68.230003,69.440002,68.160004,69.410004,34956000,68.375961
5/17/2017,68.889999,69.099998,67.43,67.480003,30548800,66.474709
5/18/2017,67.400002,68.129997,67.139999,67.709999,25201300,66.701279
5/19/2017,67.5,68.099998,67.43,67.690002,26961100,66.68158
5/22/2017,67.889999,68.5,67.5,68.449997,16237600,67.430252
5/23/2017,68.720001,68.75,68.379997,68.68,15425800,67.65683
5/24/2017,68.870003,68.879997,68.449997,68.769997,14593900,67.745491
5/25/2017,68.970001,69.879997,68.910004,69.620003,21854100,68.582832
5/26/2017,69.800003,70.220001,69.519997,69.959999,19827900,68.917755
5/30/2017,69.790001,70.410004,69.769997,70.410004,17072800,69.361061
5/31/2017,70.529999,70.739998,69.809998,69.839996,30436400,68.799545
6/1/2017,70.239998,70.610001,69.449997,70.099998,21603600,69.055672
6/2/2017,70.440002,71.860001,70.239998,71.760002,34770300,70.690948
6/5/2017,71.970001,72.889999,71.809998,72.279999,33316800,71.203201
6/6/2017,72.300003,72.620003,72.269997,72.519997,31511100,71.439613
6/7/2017,72.639999,72.769997,71.949997,72.389999,22301800,71.311562
6/8/2017,72.510002,72.519997,71.5,71.949997,24456300,70.878113
6/9/2017,72.040001,72.080002,68.589996,70.32,49187400,69.2724
6/12/2017,69.25,69.940002,68.129997,69.779999,47761700,68.74044
6/13/2017,70.019997,70.82,69.959999,70.650002,25258600,69.597481
6/14/2017,70.910004,71.099998,69.43,70.269997,25510700,69.223137
6/15/2017,69.269997,70.209999,68.800003,69.900002,26068700,68.85865
6/16/2017,69.730003,70.029999,69.220001,70,48345100,68.957169
6/19/2017,70.5,70.940002,70.349998,70.870003,23798300,69.814201
6/20/2017,70.82,70.870003,69.870003,69.910004,21512200,68.868507
6/21/2017,70.209999,70.620003,69.940002,70.269997,19891100,69.223137
6/22/2017,70.540001,70.589996,69.709999,70.260002,22965700,69.213295
6/23/2017,70.089996,71.25,69.919998,71.209999,27617300,70.149139
6/26/2017,71.400002,71.709999,70.440002,70.529999,19607000,69.479271
6/27/2017,70.110001,70.18,69.18,69.209999,25215100,68.178932
6/28/2017,69.209999,69.839996,68.790001,69.800003,25806200,68.760147
6/29/2017,69.379997,69.489998,68.089996,68.489998,28918700,67.469658
6/30/2017,68.779999,69.379997,68.739998,68.93,24161100,67.903107
7/3/2017,69.330002,69.599998,68.019997,68.169998,16165500,67.154427
7/5/2017,68.260002,69.440002,68.220001,69.080002,21176300,68.05088
7/6/2017,68.269997,68.779999,68.120003,68.57,21117600,67.54847
7/7/2017,68.699997,69.839996,68.699997,69.459999,16878300,68.425209
7/10/2017,69.459999,70.25,69.199997,69.980003,15014500,68.937469
7/11/2017,70,70.68,69.75,69.989998,17460000,68.947319
7/12/2017,70.690002,71.279999,70.550003,71.150002,17750900,70.090034
7/13/2017,71.5,72.040001,71.309998,71.769997,20269800,70.70079
7/14/2017,72.239998,73.269997,71.959999,72.779999,25868100,71.695747
7/17/2017,72.800003,73.449997,72.720001,73.349998,21803900,72.257263
7/18/2017,73.089996,73.389999,72.660004,73.300003,26435300,72.208
7/19/2017,73.5,74.040001,73.449997,73.860001,22416200,72.759651
7/20/2017,74.18,74.300003,73.279999,74.220001,42361000,73.114296
7/21/2017,73.449997,74.290001,73.169998,73.790001,46717100,72.690704
7/24/2017,73.529999,73.75,73.129997,73.599998,21394800,72.503532
7/25/2017,73.800003,74.309998,73.5,74.190002,22018700,73.08474
7/26/2017,74.339996,74.379997,73.809998,74.050003,16252200,72.946831
7/27/2017,73.760002,74.419998,72.32,73.160004,36844200,72.070091
7/28/2017,72.669998,73.309998,72.540001,73.040001,18306700,71.951881
7/31/2017,73.300003,73.440002,72.410004,72.699997,23600100,71.616936
8/1/2017,73.099998,73.419998,72.489998,72.580002,22132300,71.498734
8/2/2017,72.550003,72.559998,71.440002,72.260002,26499200,71.183502
8/3/2017,72.190002,72.440002,71.849998,72.150002,18214400,71.075134
8/4/2017,72.400002,73.040001,72.239998,72.68,22579000,71.597237
8/7/2017,72.800003,72.900002,72.260002,72.400002,18705700,71.321419
8/8/2017,72.089996,73.129997,71.75,72.790001,22044600,71.705597
8/9/2017,72.25,72.510002,72.050003,72.470001,22213400,71.390366
8/10/2017,71.900002,72.190002,71.349998,71.410004,24734500,70.346161
8/11/2017,71.610001,72.699997,71.279999,72.5,21443700,71.419914
8/14/2017,73.059998,73.720001,72.949997,73.589996,20067300,72.493675
8/15/2017,73.589996,73.589996,73.040001,73.220001,19181400,72.513489
8/16/2017,73.339996,74.099998,73.169998,73.650002,18150400,72.939346
8/17/2017,73.580002,73.870003,72.400002,72.400002,22977500,71.701401
8/18/2017,72.269997,72.839996,71.93,72.489998,18761500,71.790527
8/21/2017,72.470001,72.480003,71.699997,72.150002,17734800,71.453812
8/22/2017,72.349998,73.239998,72.349998,73.160004,14343700,72.454071
8/23/2017,72.959999,73.150002,72.529999,72.720001,13766500,72.018318
8/24/2017,72.739998,72.860001,72.07,72.690002,17098300,71.988602
8/25/2017,72.860001,73.349998,72.480003,72.82,12794300,72.117348
8/28/2017,73.059998,73.089996,72.550003,72.830002,14569700,72.127258
8/29/2017,72.25,73.160004,72.050003,73.050003,11478400,72.345139
8/30/2017,73.010002,74.209999,72.830002,74.010002,16897800,73.295868
8/31/2017,74.029999,74.959999,73.800003,74.769997,27652800,74.048531
9/1/2017,74.709999,74.739998,73.639999,73.940002,21736200,73.226547
9/5/2017,73.339996,73.889999,72.980003,73.610001,21556000,72.899727
9/6/2017,73.739998,74.040001,73.349998,73.400002,16535800,72.69175
9/7/2017,73.68,74.599998,73.599998,74.339996,17471200,73.622681
9/8/2017,74.330002,74.440002,73.839996,73.980003,14703800,73.266159
9/11/2017,74.309998,74.940002,74.309998,74.760002,17910400,74.038635
9/12/2017,74.760002,75.239998,74.370003,74.68,14394900,73.959404
9/13/2017,74.93,75.230003,74.550003,75.209999,13380800,74.484291
9/14/2017,75,75.489998,74.519997,74.769997,15733900,74.048531
9/15/2017,74.830002,75.389999,74.07,75.309998,38578400,74.583321
9/18/2017,75.230003,75.970001,75.040001,75.160004,23307000,74.434776
9/19/2017,75.209999,75.709999,75.010002,75.440002,16093300,74.712067
9/20/2017,75.349998,75.550003,74.309998,74.940002,21587900,74.216896
9/21/2017,75.110001,75.239998,74.110001,74.209999,19186100,73.493935
9/22/2017,73.989998,74.510002,73.849998,74.410004,14111400,73.692009
9/25/2017,74.089996,74.25,72.919998,73.260002,24149200,72.553108
9/26/2017,73.669998,73.809998,72.989998,73.260002,18019600,72.553108
9/27/2017,73.550003,74.169998,73.169998,73.849998,19565100,73.137413
9/28/2017,73.540001,73.970001,73.309998,73.870003,10883800,73.157219
9/29/2017,73.940002,74.540001,73.879997,74.489998,17079100,73.771233
10/2/2017,74.709999,75.010002,74.300003,74.610001,15304800,73.890076
10/3/2017,74.669998,74.879997,74.190002,74.260002,12190400,73.543457
10/4/2017,74.089996,74.720001,73.709999,74.690002,13317700,73.969307
10/5/2017,75.220001,76.120003,74.959999,75.970001,21195300,75.236954
10/6/2017,75.669998,76.029999,75.540001,76,13959800,75.266663
10/9/2017,75.970001,76.550003,75.860001,76.290001,11386500,75.553864
10/10/2017,76.330002,76.629997,76.139999,76.290001,13944500,75.553864
10/11/2017,76.360001,76.459999,75.949997,76.419998,15388900,75.68261
10/12/2017,76.489998,77.290001,76.370003,77.120003,16876500,76.375862
10/13/2017,77.589996,77.870003,77.290001,77.489998,15335700,76.742279
10/16/2017,77.419998,77.809998,77.349998,77.650002,12380100,76.900749
10/17/2017,77.470001,77.620003,77.25,77.589996,16824000,76.841316
10/18/2017,77.669998,77.849998,77.370003,77.610001,13300700,76.86113
10/19/2017,77.57,77.93,77.349998,77.910004,15092800,77.158234
10/20/2017,78.32,78.970001,78.220001,78.809998,22866400,78.049545
10/23/2017,78.989998,79.339996,78.760002,78.830002,20627200,78.069359
10/24/2017,78.900002,79.199997,78.459999,78.860001,17517200,78.099068
10/25/2017,78.580002,79.099998,78.010002,78.629997,20410800,77.871284
10/26/2017,79.199997,79.419998,78.75,78.760002,32120700,78.000038
10/27/2017,84.370003,86.199997,83.610001,83.809998,71066700,83.001305
10/30/2017,83.699997,84.330002,83.110001,83.889999,31756700,83.080536
10/31/2017,84.360001,84.360001,83.110001,83.18,27086600,82.377388
11/1/2017,83.68,83.760002,82.879997,83.18,22307400,82.377388
11/2/2017,83.349998,84.459999,83.120003,84.050003,23992900,83.238991
11/3/2017,84.080002,84.540001,83.400002,84.139999,17633500,83.328117
11/6/2017,84.199997,84.699997,84.080002,84.470001,19860900,83.654938
11/7/2017,84.769997,84.900002,83.93,84.269997,17939700,83.456863
11/8/2017,84.139999,84.610001,83.830002,84.559998,18034200,83.744064
11/9/2017,84.110001,84.269997,82.900002,84.089996,21178400,83.278603
11/10/2017,83.790001,84.099998,83.230003,83.870003,19397800,83.06073
11/13/2017,83.660004,83.940002,83.459999,83.93,14196900,83.12014
11/14/2017,83.5,84.099998,82.980003,84.050003,18801300,83.238991
11/15/2017,83.470001,83.690002,82.690002,82.980003,19383100,82.592033
11/16/2017,83.099998,83.419998,82.940002,83.199997,20962800,82.810997
11/17/2017,83.120003,83.120003,82.239998,82.400002,22079000,82.01474
11/20/2017,82.400002,82.589996,82.25,82.529999,16315000,82.144127
11/21/2017,82.739998,83.839996,82.739998,83.720001,21237500,83.328568
11/22/2017,83.830002,83.900002,83.040001,83.110001,20553100,82.72142
11/24/2017,83.010002,83.43,82.779999,83.260002,7425600,82.87072
11/27/2017,83.309998,83.980003,83.300003,83.870003,18265200,83.477867
11/28/2017,84.07,85.059998,84.019997,84.879997,21926000,84.483139
11/29/2017,84.709999,84.919998,83.18,83.339996,27381100,82.95034
11/30/2017,83.510002,84.519997,83.339996,84.169998,33054600,83.776459
12/1/2017,83.599998,84.809998,83.220001,84.260002,29532100,83.866043
12/4/2017,84.419998,84.43,80.699997,81.080002,39094900,80.700912
12/5/2017,81.339996,82.68,80.980003,81.589996,26152300,81.208519
12/6/2017,81.550003,83.139999,81.43,82.779999,26162100,82.39296
12/7/2017,82.540001,82.800003,82,82.489998,23184500,82.104317
12/8/2017,83.629997,84.580002,83.330002,84.160004,24489100,83.76651
12/11/2017,84.290001,85.370003,84.120003,85.230003,22857900,84.831512
12/12/2017,85.309998,86.050003,85.080002,85.580002,23924100,85.179871
12/13/2017,85.739998,86,85.169998,85.349998,22062700,84.950943
12/14/2017,85.43,85.870003,84.529999,84.690002,19306000,84.294037
12/15/2017,85.260002,87.089996,84.879997,86.849998,53936700,86.443932
12/18/2017,87.120003,87.5,86.230003,86.379997,22283800,85.976128
12/19/2017,86.349998,86.349998,85.269997,85.830002,23524800,85.428703
12/20/2017,86.199997,86.300003,84.709999,85.519997,23674900,85.120148
12/21/2017,86.050003,86.099998,85.400002,85.5,17990700,85.100243
12/22/2017,85.400002,85.629997,84.919998,85.510002,14145800,85.110199
12/26/2017,85.309998,85.529999,85.029999,85.400002,9891200,85.00071
12/27/2017,85.650002,85.980003,85.220001,85.709999,14678000,85.309265
12/28/2017,85.900002,85.93,85.550003,85.720001,10594300,85.319214
12/29/2017,85.629997,86.050003,85.5,85.540001,18717400,85.14006
1/2/2018,86.129997,86.309998,85.5,85.949997,22483800,85.548134
1/3/2018,86.059998,86.510002,85.970001,86.349998,26061400,85.946266
1/4/2018,86.589996,87.660004,86.57,87.110001,21912000,86.702721
1/5/2018,87.660004,88.410004,87.43,88.190002,23407100,87.777672
1/8/2018,88.199997,88.580002,87.599998,88.279999,22113000,87.867249
1/9/2018,88.650002,88.730003,87.860001,88.220001,19484300,87.807526
1/10/2018,87.860001,88.190002,87.410004,87.82,18652200,87.409393
1/11/2018,88.129997,88.129997,87.239998,88.080002,17808900,87.668182
1/12/2018,88.669998,89.779999,88.449997,89.599998,24271500,89.181076
1/16/2018,90.099998,90.790001,88.010002,88.349998,36599700,87.93692
1/17/2018,89.080002,90.279999,88.75,90.139999,25621200,89.718552
1/18/2018,89.800003,90.669998,89.660004,90.099998,24159700,89.678734
1/19/2018,90.139999,90.610001,89.660004,90,36875000,89.579201
1/22/2018,90,91.620003,89.739998,91.610001,23601600,91.181679
1/23/2018,91.900002,92.300003,91.540001,91.900002,23412800,91.470322
1/24/2018,92.550003,93.43,91.580002,91.82,33277500,91.390694
1/25/2018,92.470001,93.239998,91.93,92.330002,26383200,91.898315
1/26/2018,93.120003,94.059998,92.580002,94.059998,29172200,93.620216
1/29/2018,95.139999,95.449997,93.720001,93.919998,31569900,93.480873
1/30/2018,93.300003,93.660004,92.099998,92.739998,38635100,92.306389
1/31/2018,93.75,95.400002,93.510002,95.010002,48756300,94.565781
2/1/2018,94.790001,96.07,93.580002,94.260002,47227900,93.81929
2/2/2018,93.639999,93.970001,91.5,91.779999,47867800,91.350883
2/5/2018,90.559998,93.239998,88,88,51031500,87.588554
2/6/2018,86.889999,91.480003,85.25,91.330002,67998600,90.902985
2/7/2018,90.489998,91.769997,89.199997,89.610001,41107600,89.191025
2/8/2018,89.709999,89.879997,84.760002,85.010002,55628700,84.612534
2/9/2018,86.300003,88.93,83.830002,88.18,63499100,87.767715
2/12/2018,88.739998,89.779999,87.93,89.129997,35720300,88.713272
2/13/2018,88.93,90,87.800003,89.830002,26407700,89.410004
2/14/2018,88.510002,90.989998,88.410004,90.809998,34960900,90.809998
2/15/2018,91.209999,92.720001,90.620003,92.660004,27823900,92.660004
2/16/2018,92.449997,93.5,91.800003,92,30596900,92
2/20/2018,91.480003,93.059998,91.010002,92.720001,30911700,92.720001
2/21/2018,92.980003,93.360001,91.489998,91.489998,26922500,91.489998
2/22/2018,92.050003,92.730003,91.360001,91.730003,24392800,91.730003
2/23/2018,93.599998,94.07,92.360001,94.059998,26329200,94.059998
2/26/2018,94.400002,95.449997,94.25,95.419998,30199800,95.419998
2/27/2018,95.739998,95.839996,94.199997,94.199997,25869100,94.199997
2/28/2018,94.839996,95.709999,93.629997,93.769997,31167300,93.769997
3/1/2018,93.989998,94.57,91.839996,92.849998,37135600,92.849998
3/2/2018,91.580002,93.150002,90.860001,93.050003,32830400,93.050003
3/5/2018,92.339996,94.269997,92.260002,93.639999,23901600,93.639999
3/6/2018,94.339996,94.489998,92.940002,93.32,22175800,93.32
3/7/2018,93.160004,93.940002,92.43,93.860001,26716100,93.860001
3/8/2018,94.269997,95.099998,93.769997,94.43,25887800,94.43
3/9/2018,95.290001,96.540001,95,96.540001,36937300,96.540001
3/12/2018,96.5,97.209999,96.040001,96.769997,26073700,96.769997
3/13/2018,97,97.239998,93.970001,94.410004,35387800,94.410004
3/14/2018,95.120003,95.410004,93.5,93.849998,32132000,93.849998
3/15/2018,93.529999,94.580002,92.830002,94.18,27611000,94.18
3/16/2018,94.68,95.379997,93.919998,94.599998,49081300,94.599998
3/19/2018,93.739998,93.900002,92.110001,92.889999,33344100,92.889999
3/20/2018,93.050003,93.769997,93,93.129997,23075200,93.129997
3/21/2018,92.93,94.050003,92.209999,92.480003,24164200,92.480003
